{
    "train_loss": [
        2.4602885127067564,
        1.9171893436908722,
        1.7590640501976014,
        1.6656555902957917,
        1.6045135819911958
    ],
    "val_loss": [
        2.0754381877183916,
        1.9095172441005708,
        1.8271712207794188,
        1.7632071352005005,
        1.7162870806455612
    ],
    "perplexity": [
        7.968037190217593,
        6.749829491862487,
        6.216277287735215,
        5.831108591493712,
        5.563832006371569
    ]
}