{
    "train_loss": [
        2.421210083246231,
        1.8707521970272065,
        1.7238995249271394,
        1.6342778978347778,
        1.5778602650165559
    ],
    "val_loss": [
        2.0316897571086883,
        1.876163221001625,
        1.796039565205574,
        1.745693251490593,
        1.7076434421539306
    ],
    "perplexity": [
        7.626963191626897,
        6.528408687394804,
        6.025735612021841,
        5.729872341399477,
        5.515947500191221
    ]
}