{
    "train_loss": [
        2.4368024940490725,
        1.9046808609962462,
        1.7423713397979737,
        1.65004324054718,
        1.587400815486908
    ],
    "val_loss": [
        2.0621172231435776,
        1.8922106432914734,
        1.8110955673456193,
        1.7563991218805313,
        1.7178735113143921
    ],
    "perplexity": [
        7.862599076906798,
        6.634017930177939,
        6.117145507330707,
        5.7915451535494045,
        5.5726656452278185
    ]
}